,unique_id,pair_id,sbj_id,wall_time,condition,block,rule_id,rule_num,trial,stimulus,choice,correct,points,reaction_time
0,3_3_1,3,1.0,35.1014493289,3_D,training,03,1_A,1.0,11110,kill,1.0,100.0,4.46393919913
1,3_3_1,3,1.0,41.157114906,3_D,training,03,1_A,2.0,00110,ignore,1.0,200.0,3.82670042851
2,3_3_1,3,1.0,47.0011531738,3_D,training,03,1_A,3.0,11111,kill,0.0,100.0,3.62717959708
3,3_3_1,3,1.0,55.0952745736,3_D,training,03,1_A,4.0,00011,kill,0.0,0.0,5.91985175004
4,3_3_1,3,1.0,59.0798305011,3_D,training,03,1_A,5.0,11011,kill,0.0,0.0,1.84321680079
5,3_3_1,3,1.0,64.8769811067,3_D,training,03,1_A,6.0,01110,ignore,0.0,0.0,3.63652280936
