,unique_id,pair_id,sbj_id,wall_time,condition,block,rule_id,rule_num,trial,stimulus,choice,correct,points,reaction_time
0,3_1_2,1,2.0,36.5889336047,3_D,training,01,1_B,1.0,11111,,,0.0,
1,3_1_2,1,2.0,40.0162286386,3_D,training,01,1_B,2.0,10101,ignore,1.0,100.0,0.79662413445
2,3_1_2,1,2.0,43.1527329559,3_D,training,01,1_B,3.0,11001,kill,1.0,200.0,0.534881658736
3,3_1_2,1,2.0,46.6093118747,3_D,training,01,1_B,4.0,10110,ignore,1.0,300.0,0.309541237476
4,3_1_2,1,2.0,49.60479523,3_D,training,01,1_B,5.0,01011,ignore,1.0,400.0,0.398184803104
5,3_1_2,1,2.0,52.714331459,3_D,training,01,1_B,6.0,10011,ignore,1.0,500.0,0.441812996458
6,3_1_2,1,2.0,55.7613321516,3_D,training,01,1_B,7.0,01100,ignore,0.0,400.0,0.435476474816
7,3_1_2,1,2.0,90.2317652067,3_D,training,01,1_B,8.0,00111,,,300.0,
